step,dataset,labels_micro_f1,labels_macro_f1,labels_jaccard,openness_accuracy,openness_f1,openness_precision_macro,openness_precision_micro,openness_recall_macro,openness_recall_micro,num_samples,predictions_file,eval_dir,model
1,labels_only_test,0.7898448519040903,0.6354545308594658,0.6897338403041824,0.5133079847908745,0.4200400968571381,0.6413116970926301,0.5133079847908745,0.45326782737598253,0.5133079847908745,263,/nfs/home/tanz/dd2/outputs/checkpoint/gemma+label_only+1.jsonl,/nfs/home/tanz/dd2/outputs/checkpoint/gemma_labels_only/checkpoint-1,gemma
2,labels_only_test,0.5463743676222597,0.41064123846078737,0.3275665399239544,0.467680608365019,0.3666331914320242,0.6759259259259259,0.467680608365019,0.5222752480642638,0.467680608365019,263,/nfs/home/tanz/dd2/outputs/checkpoint/gemma+label_only+2.jsonl,/nfs/home/tanz/dd2/outputs/checkpoint/gemma_labels_only/checkpoint-2,gemma
3,labels_only_test,0.6936829558998808,0.5719880649220385,0.6135524171645844,0.4866920152091255,0.4465128253094813,0.6011856980400027,0.4866920152091255,0.5489106265545214,0.4866920152091255,263,/nfs/home/tanz/dd2/outputs/checkpoint/gemma+label_only+3.jsonl,/nfs/home/tanz/dd2/outputs/checkpoint/gemma_labels_only/checkpoint-3,gemma
4,labels_only_test,0.3252279635258359,0.22170926624226633,0.27287705956907476,0.44106463878326996,0.27422315458240465,0.4796437659033079,0.44106463878326996,0.3398692810457516,0.44106463878326996,263,/nfs/home/tanz/dd2/outputs/checkpoint/gemma+label_only+4.jsonl,/nfs/home/tanz/dd2/outputs/checkpoint/gemma_labels_only/checkpoint-4,gemma
5,labels_only_test,0.760932944606414,0.608674020084272,0.6387923230128553,0.4752851711026616,0.3368681044692389,0.48484848484848486,0.4752851711026616,0.3986928104575163,0.4752851711026616,263,/nfs/home/tanz/dd2/outputs/checkpoint/gemma+label_only+5.jsonl,/nfs/home/tanz/dd2/outputs/checkpoint/gemma_labels_only/checkpoint-5,gemma
6,labels_only_test,0.7389162561576355,0.6116540030394909,0.6587543001991671,0.6387832699619772,0.6426572924887007,0.64315600437097,0.6387832699619772,0.6367014996645602,0.6387832699619772,263,/nfs/home/tanz/dd2/outputs/checkpoint/gemma+label_only+6.jsonl,/nfs/home/tanz/dd2/outputs/checkpoint/gemma_labels_only/checkpoint-6,gemma
7,labels_only_test,0.7559681697612732,0.5948756750772388,0.6657160963244614,0.5209125475285171,0.4972227759902773,0.6031289910600256,0.5209125475285171,0.5811966262674201,0.5209125475285171,263,/nfs/home/tanz/dd2/outputs/checkpoint/gemma+label_only+7.jsonl,/nfs/home/tanz/dd2/outputs/checkpoint/gemma_labels_only/checkpoint-7,gemma
8,labels_only_test,0.7234678624813154,0.57993333680247,0.6051330798479087,0.5893536121673004,0.582526692520435,0.5909100961693861,0.5893536121673004,0.612648860530317,0.5893536121673004,263,/nfs/home/tanz/dd2/outputs/checkpoint/gemma+label_only+8.jsonl,/nfs/home/tanz/dd2/outputs/checkpoint/gemma_labels_only/checkpoint-8,gemma
9,labels_only_test,0.7590027700831025,0.5873409833421424,0.6879141770776752,0.5855513307984791,0.4978031612644639,0.69004329004329,0.5855513307984791,0.5743513123163505,0.5855513307984791,263,/nfs/home/tanz/dd2/outputs/checkpoint/gemma+label_only+9.jsonl,/nfs/home/tanz/dd2/outputs/checkpoint/gemma_labels_only/checkpoint-9,gemma
10,labels_only_test,0.7881241565452092,0.6188577872682446,0.7022179974651458,0.6387832699619772,0.5990733533887335,0.6531468687759546,0.6387832699619772,0.6568114770187172,0.6387832699619772,263,/nfs/home/tanz/dd2/outputs/checkpoint/gemma+label_only+10.jsonl,/nfs/home/tanz/dd2/outputs/checkpoint/gemma_labels_only/checkpoint-10,gemma
11,labels_only_test,0.7884615384615384,0.6208401404550163,0.68212927756654,0.6121673003802282,0.5973774054300302,0.5986746839019567,0.6121673003802282,0.6460756482482429,0.6121673003802282,263,/nfs/home/tanz/dd2/outputs/checkpoint/gemma+label_only+11.jsonl,/nfs/home/tanz/dd2/outputs/checkpoint/gemma_labels_only/checkpoint-11,gemma
12,labels_only_test,0.8067226890756303,0.6406810287289421,0.6807351077313054,0.6692015209125475,0.6671131604743148,0.673693020746264,0.6692015209125475,0.6924987475940623,0.6692015209125475,263,/nfs/home/tanz/dd2/outputs/checkpoint/gemma+label_only+12.jsonl,/nfs/home/tanz/dd2/outputs/checkpoint/gemma_labels_only/checkpoint-12,gemma
13,labels_only_test,0.8032128514056225,0.6400324886429696,0.7088719898605831,0.6577946768060836,0.6547899000260341,0.7128023289550035,0.6577946768060836,0.6349033084023988,0.6577946768060836,263,/nfs/home/tanz/dd2/outputs/checkpoint/gemma+label_only+13.jsonl,/nfs/home/tanz/dd2/outputs/checkpoint/gemma_labels_only/checkpoint-13,gemma
14,labels_only_test,0.7951153324287653,0.6429265179265179,0.6978453738910011,0.6539923954372624,0.6516574486524584,0.6948661184904069,0.6539923954372624,0.6325426330699618,0.6539923954372624,263,/nfs/home/tanz/dd2/outputs/checkpoint/gemma+label_only+14.jsonl,/nfs/home/tanz/dd2/outputs/checkpoint/gemma_labels_only/checkpoint-14,gemma
15,labels_only_test,0.7949790794979079,0.6673569712163195,0.6932192648922687,0.7034220532319392,0.7042928432306732,0.7236873773351298,0.7034220532319392,0.7072633685178839,0.7034220532319392,263,/nfs/home/tanz/dd2/outputs/checkpoint/gemma+label_only+15.jsonl,/nfs/home/tanz/dd2/outputs/checkpoint/gemma_labels_only/checkpoint-15,gemma
16,labels_only_test,0.7806191117092867,0.6275802416710932,0.6769328263624843,0.6920152091254753,0.6883405365359644,0.6895873196813636,0.6920152091254753,0.705714779561907,0.6920152091254753,263,/nfs/home/tanz/dd2/outputs/checkpoint/gemma+label_only+16.jsonl,/nfs/home/tanz/dd2/outputs/checkpoint/gemma_labels_only/checkpoint-16,gemma
17,labels_only_test,0.7984293193717278,0.6473941017545952,0.6800380228136882,0.6844106463878327,0.6742942258083677,0.6798941798941799,0.6844106463878327,0.7028894689505863,0.6844106463878327,263,/nfs/home/tanz/dd2/outputs/checkpoint/gemma+label_only+17.jsonl,/nfs/home/tanz/dd2/outputs/checkpoint/gemma_labels_only/checkpoint-17,gemma
18,labels_only_test,0.8075370121130552,0.6700679575078738,0.6761723700887198,0.6844106463878327,0.6694610248138592,0.6856638245137544,0.6844106463878327,0.7043753643695637,0.6844106463878327,263,/nfs/home/tanz/dd2/outputs/checkpoint/gemma+label_only+18.jsonl,/nfs/home/tanz/dd2/outputs/checkpoint/gemma_labels_only/checkpoint-18,gemma
19,labels_only_test,0.8060522696011004,0.6698556890607068,0.6756653992395437,0.6806083650190115,0.6659086141339977,0.6801519468186136,0.6806083650190115,0.7051142106327067,0.6806083650190115,263,/nfs/home/tanz/dd2/outputs/checkpoint/gemma+label_only+19.jsonl,/nfs/home/tanz/dd2/outputs/checkpoint/gemma_labels_only/checkpoint-19,gemma
20,labels_only_test,0.807799442896936,0.666060838519069,0.6832337497736737,0.7452471482889734,0.7425004221988221,0.7601478250333212,0.7452471482889734,0.7458843450722586,0.7452471482889734,263,/nfs/home/tanz/dd2/outputs/checkpoint/gemma+label_only+20.jsonl,/nfs/home/tanz/dd2/outputs/checkpoint/gemma_labels_only/checkpoint-20,gemma
21,labels_only_test,0.8201634877384196,0.6734125354313444,0.7264168024624299,0.752851711026616,0.7532422874528104,0.781420634920635,0.752851711026616,0.7476339048991777,0.752851711026616,263,/nfs/home/tanz/dd2/outputs/checkpoint/gemma+label_only+21.jsonl,/nfs/home/tanz/dd2/outputs/checkpoint/gemma_labels_only/checkpoint-21,gemma
22,labels_only_test,0.8173207036535859,0.6641497895705928,0.725375701611443,0.7300380228136882,0.730568458737003,0.7750909563409564,0.7300380228136882,0.7177167834114074,0.7300380228136882,263,/nfs/home/tanz/dd2/outputs/checkpoint/gemma+label_only+22.jsonl,/nfs/home/tanz/dd2/outputs/checkpoint/gemma_labels_only/checkpoint-22,gemma
23,labels_only_test,0.821954484605087,0.6668576066899801,0.7351982618142313,0.7414448669201521,0.7411798342138635,0.7777795964353403,0.7414448669201521,0.7367867511564614,0.7414448669201521,263,/nfs/home/tanz/dd2/outputs/checkpoint/gemma+label_only+23.jsonl,/nfs/home/tanz/dd2/outputs/checkpoint/gemma_labels_only/checkpoint-23,gemma
24,labels_only_test,0.8183041722745625,0.6590178394325888,0.722207133804092,0.7300380228136882,0.727473852569882,0.7332377682918013,0.7300380228136882,0.7373896637692878,0.7300380228136882,263,/nfs/home/tanz/dd2/outputs/checkpoint/gemma+label_only+24.jsonl,/nfs/home/tanz/dd2/outputs/checkpoint/gemma_labels_only/checkpoint-24,gemma
25,labels_only_test,0.8021828103683493,0.6438251109659091,0.6976190476190476,0.6920152091254753,0.6902881398926012,0.6903498800050524,0.6920152091254753,0.7031531333585278,0.6920152091254753,263,/nfs/home/tanz/dd2/outputs/checkpoint/gemma+label_only+25.jsonl,/nfs/home/tanz/dd2/outputs/checkpoint/gemma_labels_only/checkpoint-25,gemma
26,labels_only_test,0.8,0.6427465601154861,0.690014484881405,0.6920152091254753,0.6876428056185635,0.6901027077497667,0.6920152091254753,0.7124516981452674,0.6920152091254753,263,/nfs/home/tanz/dd2/outputs/checkpoint/gemma+label_only+26.jsonl,/nfs/home/tanz/dd2/outputs/checkpoint/gemma_labels_only/checkpoint-26,gemma
27,labels_only_test,0.79890560875513,0.6404601060137337,0.686845917074054,0.6920152091254753,0.6834901252802196,0.6862441562720963,0.6920152091254753,0.7097623211842633,0.6920152091254753,263,/nfs/home/tanz/dd2/outputs/checkpoint/gemma+label_only+27.jsonl,/nfs/home/tanz/dd2/outputs/checkpoint/gemma_labels_only/checkpoint-27,gemma
28,labels_only_test,0.8010899182561307,0.6409195189655611,0.6937533948940793,0.6920152091254753,0.6823396036297354,0.6877375085916659,0.6920152091254753,0.7092244457920626,0.6920152091254753,263,/nfs/home/tanz/dd2/outputs/checkpoint/gemma+label_only+28.jsonl,/nfs/home/tanz/dd2/outputs/checkpoint/gemma_labels_only/checkpoint-28,gemma
29,labels_only_test,0.8127490039840638,0.6814992714843017,0.720785804816223,0.6806083650190115,0.6647464009154023,0.6822676129198125,0.6806083650190115,0.7009389382527252,0.6806083650190115,263,/nfs/home/tanz/dd2/outputs/checkpoint/gemma+label_only+29.jsonl,/nfs/home/tanz/dd2/outputs/checkpoint/gemma_labels_only/checkpoint-29,gemma
30,labels_only_test,0.8116710875331565,0.6646171950876615,0.7226869455006337,0.6920152091254753,0.6762326626745278,0.6970427230073822,0.6920152091254753,0.7101724658188391,0.6920152091254753,263,/nfs/home/tanz/dd2/outputs/checkpoint/gemma+label_only+30.jsonl,/nfs/home/tanz/dd2/outputs/checkpoint/gemma_labels_only/checkpoint-30,gemma
31,labels_only_test,0.8143236074270557,0.6718968391090537,0.7223700887198987,0.6996197718631179,0.6844068806884999,0.7047624494776178,0.6996197718631179,0.7165074426603152,0.6996197718631179,263,/nfs/home/tanz/dd2/outputs/checkpoint/gemma+label_only+31.jsonl,/nfs/home/tanz/dd2/outputs/checkpoint/gemma_labels_only/checkpoint-31,gemma
32,labels_only_test,0.8154050464807437,0.6763086741912787,0.7214195183776934,0.7072243346007605,0.6925670550519504,0.7149285512711973,0.7072243346007605,0.7228424195017915,0.7072243346007605,263,/nfs/home/tanz/dd2/outputs/checkpoint/gemma+label_only+32.jsonl,/nfs/home/tanz/dd2/outputs/checkpoint/gemma_labels_only/checkpoint-32,gemma
1,labels_withphrase_test,0.6767830045523521,0.5370207016756491,0.5239543726235741,0.5019011406844106,0.4960953452375786,0.6226468624833111,0.5019011406844106,0.46029829233351793,0.5019011406844106,263,/nfs/home/tanz/dd2/outputs/checkpoint/gemma+label_phrase+1.jsonl,/nfs/home/tanz/dd2/outputs/checkpoint/gemma_labels_phrase/checkpoint-1,gemma
2,labels_withphrase_test,0.38976377952755903,0.3060476988051359,0.21774397972116602,0.4372623574144487,0.32665358771465086,0.7610265867527278,0.4372623574144487,0.44262984739689987,0.4372623574144487,263,/nfs/home/tanz/dd2/outputs/checkpoint/gemma+label_phrase+2.jsonl,/nfs/home/tanz/dd2/outputs/checkpoint/gemma_labels_phrase/checkpoint-2,gemma
3,labels_withphrase_test,0.6441784548422198,0.5203666962236035,0.5977005250769509,0.4068441064638783,0.39896640301471425,0.5344314929335172,0.4068441064638783,0.4972388477279452,0.4068441064638783,263,/nfs/home/tanz/dd2/outputs/checkpoint/gemma+label_phrase+3.jsonl,/nfs/home/tanz/dd2/outputs/checkpoint/gemma_labels_phrase/checkpoint-3,gemma
4,labels_withphrase_test,0.5069551777434312,0.39232299241036367,0.407876154263987,0.44106463878326996,0.27429179859455766,0.4796437659033079,0.44106463878326996,0.3367697594501718,0.44106463878326996,263,/nfs/home/tanz/dd2/outputs/checkpoint/gemma+label_phrase+4.jsonl,/nfs/home/tanz/dd2/outputs/checkpoint/gemma_labels_phrase/checkpoint-4,gemma
5,labels_withphrase_test,0.760898282694848,0.6173859759822089,0.6728770595690747,0.5475285171102662,0.49623766145207154,0.6979464164286685,0.5475285171102662,0.4549148510442575,0.5475285171102662,263,/nfs/home/tanz/dd2/outputs/checkpoint/gemma+label_phrase+5.jsonl,/nfs/home/tanz/dd2/outputs/checkpoint/gemma_labels_phrase/checkpoint-5,gemma
6,labels_withphrase_test,0.7650834403080873,0.6331792310378925,0.6725602027883396,0.6197718631178707,0.6098962518086124,0.7618679050567595,0.6197718631178707,0.5852699484096643,0.6197718631178707,263,/nfs/home/tanz/dd2/outputs/checkpoint/gemma+label_phrase+6.jsonl,/nfs/home/tanz/dd2/outputs/checkpoint/gemma_labels_phrase/checkpoint-6,gemma
7,labels_withphrase_test,0.8015873015873016,0.6846492680786836,0.7238910012674271,0.6121673003802282,0.5883171009142363,0.6312651436483213,0.6121673003802282,0.6479716883017961,0.6121673003802282,263,/nfs/home/tanz/dd2/outputs/checkpoint/gemma+label_phrase+7.jsonl,/nfs/home/tanz/dd2/outputs/checkpoint/gemma_labels_phrase/checkpoint-7,gemma
8,labels_withphrase_test,0.7198838896952104,0.59108523276795,0.5906663045446314,0.6083650190114068,0.5532067310498006,0.6358154920039589,0.6083650190114068,0.6298579434762103,0.6083650190114068,263,/nfs/home/tanz/dd2/outputs/checkpoint/gemma+label_phrase+8.jsonl,/nfs/home/tanz/dd2/outputs/checkpoint/gemma_labels_phrase/checkpoint-8,gemma
9,labels_withphrase_test,0.7579529737206085,0.6356248867654982,0.6698986058301648,0.6311787072243346,0.6060920044120811,0.7003518750602526,0.6311787072243346,0.6313414952115614,0.6311787072243346,263,/nfs/home/tanz/dd2/outputs/checkpoint/gemma+label_phrase+9.jsonl,/nfs/home/tanz/dd2/outputs/checkpoint/gemma_labels_phrase/checkpoint-9,gemma
10,labels_withphrase_test,0.7727891156462585,0.6460358688169662,0.703041825095057,0.6501901140684411,0.6489861666557801,0.7005092895380666,0.6501901140684411,0.6394805225242645,0.6501901140684411,263,/nfs/home/tanz/dd2/outputs/checkpoint/gemma+label_phrase+10.jsonl,/nfs/home/tanz/dd2/outputs/checkpoint/gemma_labels_phrase/checkpoint-10,gemma
11,labels_withphrase_test,0.7884362680683311,0.6654114201991483,0.7318124207858048,0.6806083650190115,0.6821743929266175,0.7057139746958204,0.6806083650190115,0.6887963133856561,0.6806083650190115,263,/nfs/home/tanz/dd2/outputs/checkpoint/gemma+label_phrase+11.jsonl,/nfs/home/tanz/dd2/outputs/checkpoint/gemma_labels_phrase/checkpoint-11,gemma
12,labels_withphrase_test,0.8067444876783398,0.6824535781637358,0.7284537389100126,0.6958174904942965,0.6889312242840783,0.6955156802485046,0.6958174904942965,0.7028244317299608,0.6958174904942965,263,/nfs/home/tanz/dd2/outputs/checkpoint/gemma+label_phrase+12.jsonl,/nfs/home/tanz/dd2/outputs/checkpoint/gemma_labels_phrase/checkpoint-12,gemma
13,labels_withphrase_test,0.8036890645586298,0.6751301812230276,0.715634618866558,0.6730038022813688,0.6471678986130088,0.6834204793028323,0.6730038022813688,0.6877393120702636,0.6730038022813688,263,/nfs/home/tanz/dd2/outputs/checkpoint/gemma+label_phrase+13.jsonl,/nfs/home/tanz/dd2/outputs/checkpoint/gemma_labels_phrase/checkpoint-13,gemma
14,labels_withphrase_test,0.8164383561643835,0.7011674226538448,0.6972116603295311,0.6768060836501901,0.6626569423643894,0.6750818139317438,0.6768060836501901,0.691303468944727,0.6768060836501901,263,/nfs/home/tanz/dd2/outputs/checkpoint/gemma+label_phrase+14.jsonl,/nfs/home/tanz/dd2/outputs/checkpoint/gemma_labels_phrase/checkpoint-14,gemma
15,labels_withphrase_test,0.8189415041782729,0.6744509718643544,0.7058935361216729,0.714828897338403,0.7125755369177507,0.7174500160898742,0.714828897338403,0.7330702548462983,0.714828897338403,263,/nfs/home/tanz/dd2/outputs/checkpoint/gemma+label_phrase+15.jsonl,/nfs/home/tanz/dd2/outputs/checkpoint/gemma_labels_phrase/checkpoint-15,gemma
16,labels_withphrase_test,0.8288043478260869,0.6852852821781045,0.7288973384030419,0.7414448669201521,0.7427449919774038,0.7620129113839805,0.7414448669201521,0.7556393422451902,0.7414448669201521,263,/nfs/home/tanz/dd2/outputs/checkpoint/gemma+label_phrase+16.jsonl,/nfs/home/tanz/dd2/outputs/checkpoint/gemma_labels_phrase/checkpoint-16,gemma
17,labels_withphrase_test,0.8201058201058201,0.6896849750060777,0.7296577946768061,0.7376425855513308,0.7375391936667482,0.7485683538952305,0.7376425855513308,0.7422387451917866,0.7376425855513308,263,/nfs/home/tanz/dd2/outputs/checkpoint/gemma+label_phrase+17.jsonl,/nfs/home/tanz/dd2/outputs/checkpoint/gemma_labels_phrase/checkpoint-17,gemma
18,labels_withphrase_test,0.8263157894736842,0.7019413388956398,0.7340937896070976,0.7300380228136882,0.728876506679074,0.742678196120819,0.7300380228136882,0.7384654145536894,0.7300380228136882,263,/nfs/home/tanz/dd2/outputs/checkpoint/gemma+label_phrase+18.jsonl,/nfs/home/tanz/dd2/outputs/checkpoint/gemma_labels_phrase/checkpoint-18,gemma
19,labels_withphrase_test,0.8230563002680965,0.707971606991656,0.7160329531051964,0.7034220532319392,0.6975136952301665,0.707689765705033,0.7034220532319392,0.7133346809514185,0.7034220532319392,263,/nfs/home/tanz/dd2/outputs/checkpoint/gemma+label_phrase+19.jsonl,/nfs/home/tanz/dd2/outputs/checkpoint/gemma_labels_phrase/checkpoint-19,gemma
20,labels_withphrase_test,0.8268456375838926,0.7148681767548574,0.7143219264892269,0.7034220532319392,0.6955648280743337,0.7051126263976962,0.7034220532319392,0.7158963271547973,0.7034220532319392,263,/nfs/home/tanz/dd2/outputs/checkpoint/gemma+label_phrase+20.jsonl,/nfs/home/tanz/dd2/outputs/checkpoint/gemma_labels_phrase/checkpoint-20,gemma
21,labels_withphrase_test,0.824966078697422,0.7027458516612788,0.7249683143219265,0.7300380228136882,0.7220307171058387,0.7360792642894239,0.7300380228136882,0.7408993299994434,0.7300380228136882,263,/nfs/home/tanz/dd2/outputs/checkpoint/gemma+label_phrase+21.jsonl,/nfs/home/tanz/dd2/outputs/checkpoint/gemma_labels_phrase/checkpoint-21,gemma
22,labels_withphrase_test,0.8263795423956931,0.7033879994376532,0.7358048162230673,0.7072243346007605,0.6960918086284842,0.7107993542714618,0.7072243346007605,0.7171812517028325,0.7072243346007605,263,/nfs/home/tanz/dd2/outputs/checkpoint/gemma+label_phrase+22.jsonl,/nfs/home/tanz/dd2/outputs/checkpoint/gemma_labels_phrase/checkpoint-22,gemma
23,labels_withphrase_test,0.8252688172043011,0.7018675017478672,0.738339670468948,0.7300380228136882,0.7236979218082715,0.7285624211853721,0.7300380228136882,0.741975080783845,0.7300380228136882,263,/nfs/home/tanz/dd2/outputs/checkpoint/gemma+label_phrase+23.jsonl,/nfs/home/tanz/dd2/outputs/checkpoint/gemma_labels_phrase/checkpoint-23,gemma
24,labels_withphrase_test,0.8299866131191432,0.7116830815841114,0.7420785804816222,0.714828897338403,0.712505764328162,0.7063726178770425,0.714828897338403,0.7325323794540974,0.714828897338403,263,/nfs/home/tanz/dd2/outputs/checkpoint/gemma+label_phrase+24.jsonl,/nfs/home/tanz/dd2/outputs/checkpoint/gemma_labels_phrase/checkpoint-24,gemma
25,labels_withphrase_test,0.8293333333333334,0.7105134930456182,0.7420785804816222,0.7186311787072244,0.7183015643925057,0.7134248591909881,0.7186311787072244,0.7381203071397393,0.7186311787072244,263,/nfs/home/tanz/dd2/outputs/checkpoint/gemma+label_phrase+25.jsonl,/nfs/home/tanz/dd2/outputs/checkpoint/gemma_labels_phrase/checkpoint-25,gemma
26,labels_withphrase_test,0.8337801608579088,0.7075084469145108,0.743979721166033,0.7300380228136882,0.7305890161327042,0.7284701999611727,0.7300380228136882,0.7489674608824556,0.7300380228136882,263,/nfs/home/tanz/dd2/outputs/checkpoint/gemma+label_phrase+26.jsonl,/nfs/home/tanz/dd2/outputs/checkpoint/gemma_labels_phrase/checkpoint-26,gemma
27,labels_withphrase_test,0.8342245989304813,0.7069949302860405,0.7452471482889734,0.7452471482889734,0.7451310791411696,0.7424490790114678,0.7452471482889734,0.7600237883888054,0.7452471482889734,263,/nfs/home/tanz/dd2/outputs/checkpoint/gemma+label_phrase+27.jsonl,/nfs/home/tanz/dd2/outputs/checkpoint/gemma_labels_phrase/checkpoint-27,gemma
28,labels_withphrase_test,0.8282290279627164,0.6954727752604115,0.7379594423320658,0.7452471482889734,0.7451064471281889,0.7479681448753613,0.7452471482889734,0.7563863914010248,0.7452471482889734,263,/nfs/home/tanz/dd2/outputs/checkpoint/gemma+label_phrase+28.jsonl,/nfs/home/tanz/dd2/outputs/checkpoint/gemma_labels_phrase/checkpoint-28,gemma
29,labels_withphrase_test,0.8299866131191432,0.6961171920308029,0.7408111533586818,0.752851711026616,0.7508634129294307,0.7547369302598246,0.752851711026616,0.7605698666736979,0.752851711026616,263,/nfs/home/tanz/dd2/outputs/checkpoint/gemma+label_phrase+29.jsonl,/nfs/home/tanz/dd2/outputs/checkpoint/gemma_labels_phrase/checkpoint-29,gemma
30,labels_withphrase_test,0.821954484605087,0.6896752965898293,0.7319391634980988,0.7452471482889734,0.7416146487267848,0.7541594889463106,0.7452471482889734,0.7562586606433997,0.7452471482889734,263,/nfs/home/tanz/dd2/outputs/checkpoint/gemma+label_phrase+30.jsonl,/nfs/home/tanz/dd2/outputs/checkpoint/gemma_labels_phrase/checkpoint-30,gemma
31,labels_withphrase_test,0.8252688172043011,0.6901864080207087,0.7330798479087453,0.7262357414448669,0.7221377680977518,0.741629715313926,0.7262357414448669,0.7365148838558282,0.7262357414448669,263,/nfs/home/tanz/dd2/outputs/checkpoint/gemma+label_phrase+31.jsonl,/nfs/home/tanz/dd2/outputs/checkpoint/gemma_labels_phrase/checkpoint-31,gemma
32,labels_withphrase_test,0.8263795423956931,0.6909034701568427,0.7330798479087453,0.7262357414448669,0.7212772528794303,0.7392098593428095,0.7262357414448669,0.7359770084636276,0.7262357414448669,263,/nfs/home/tanz/dd2/outputs/checkpoint/gemma+label_phrase+32.jsonl,/nfs/home/tanz/dd2/outputs/checkpoint/gemma_labels_phrase/checkpoint-32,gemma
1,labels_only_test,0.4473684210526316,0.36762908481503104,0.2986058301647655,0.49429657794676807,0.47667498100023664,0.598883508205542,0.49429657794676807,0.4602631370791257,0.49429657794676807,263,/nfs/home/tanz/dd2/outputs/checkpoint/qwen+label_only+1.jsonl,/nfs/home/tanz/dd2/outputs/checkpoint/qwen_labels_only/checkpoint-1,qwen
2,labels_only_test,0.7471590909090909,0.6197948176161197,0.626552598225602,0.623574144486692,0.6007133071051421,0.6535423603403626,0.623574144486692,0.599134594821045,0.623574144486692,263,/nfs/home/tanz/dd2/outputs/checkpoint/qwen+label_only+2.jsonl,/nfs/home/tanz/dd2/outputs/checkpoint/qwen_labels_only/checkpoint-2,qwen
3,labels_only_test,0.729381443298969,0.5995452010151006,0.638584102842658,0.5399239543726235,0.5393544250809926,0.5784226526162011,0.5399239543726235,0.6031188569854956,0.5399239543726235,263,/nfs/home/tanz/dd2/outputs/checkpoint/qwen+label_only+3.jsonl,/nfs/home/tanz/dd2/outputs/checkpoint/qwen_labels_only/checkpoint-3,qwen
4,labels_only_test,0.7667560321715817,0.6407078894860727,0.6779467680608365,0.6577946768060836,0.6556645104141867,0.6613300492610837,0.6577946768060836,0.6749146752679857,0.6577946768060836,263,/nfs/home/tanz/dd2/outputs/checkpoint/qwen+label_only+4.jsonl,/nfs/home/tanz/dd2/outputs/checkpoint/qwen_labels_only/checkpoint-4,qwen
5,labels_only_test,0.7707182320441989,0.645163745490863,0.6848542458808619,0.6768060836501901,0.6571291225049102,0.7428753877029739,0.6768060836501901,0.6496784759025379,0.6768060836501901,263,/nfs/home/tanz/dd2/outputs/checkpoint/qwen+label_only+5.jsonl,/nfs/home/tanz/dd2/outputs/checkpoint/qwen_labels_only/checkpoint-5,qwen
6,labels_only_test,0.7858117326057299,0.6278469029094643,0.6949302915082383,0.6273764258555133,0.6089408826018502,0.7036231884057971,0.6273764258555133,0.5803364943766242,0.6273764258555133,263,/nfs/home/tanz/dd2/outputs/checkpoint/qwen+label_only+6.jsonl,/nfs/home/tanz/dd2/outputs/checkpoint/qwen_labels_only/checkpoint-6,qwen
7,labels_only_test,0.7690253671562083,0.6171896179267998,0.6782636248415715,0.6730038022813688,0.6724291165792546,0.7168956670636403,0.6730038022813688,0.6590233284408938,0.6730038022813688,263,/nfs/home/tanz/dd2/outputs/checkpoint/qwen+label_only+7.jsonl,/nfs/home/tanz/dd2/outputs/checkpoint/qwen_labels_only/checkpoint-7,qwen
8,labels_only_test,0.7758389261744967,0.6177428385791436,0.6711026615969582,0.6501901140684411,0.6517714568161934,0.6670274170274171,0.6501901140684411,0.6739584523485175,0.6501901140684411,263,/nfs/home/tanz/dd2/outputs/checkpoint/qwen+label_only+8.jsonl,/nfs/home/tanz/dd2/outputs/checkpoint/qwen_labels_only/checkpoint-8,qwen
9,labels_only_test,0.7961696306429549,0.6352899407690029,0.6861850443599493,0.6273764258555133,0.624852317154677,0.6249900461856983,0.6273764258555133,0.6699132544097872,0.6273764258555133,263,/nfs/home/tanz/dd2/outputs/checkpoint/qwen+label_only+9.jsonl,/nfs/home/tanz/dd2/outputs/checkpoint/qwen_labels_only/checkpoint-9,qwen
10,labels_only_test,0.7906976744186046,0.6395347636640444,0.6858048162230672,0.6159695817490495,0.6030345092722995,0.6009712509712509,0.6159695817490495,0.6495120743650814,0.6159695817490495,263,/nfs/home/tanz/dd2/outputs/checkpoint/qwen+label_only+10.jsonl,/nfs/home/tanz/dd2/outputs/checkpoint/qwen_labels_only/checkpoint-10,qwen
11,labels_only_test,0.7851458885941645,0.6351195395352704,0.700063371356147,0.6577946768060836,0.6214281602588126,0.6646807281670983,0.6577946768060836,0.6801926507940692,0.6577946768060836,263,/nfs/home/tanz/dd2/outputs/checkpoint/qwen+label_only+11.jsonl,/nfs/home/tanz/dd2/outputs/checkpoint/qwen_labels_only/checkpoint-11,qwen
12,labels_only_test,0.7941952506596306,0.635714170234598,0.7081749049429658,0.688212927756654,0.6546106424006558,0.7306103440718825,0.688212927756654,0.6940824918044314,0.688212927756654,263,/nfs/home/tanz/dd2/outputs/checkpoint/qwen+label_only+12.jsonl,/nfs/home/tanz/dd2/outputs/checkpoint/qwen_labels_only/checkpoint-12,qwen
13,labels_only_test,0.7958656330749354,0.6382493322566942,0.7109632446134346,0.6920152091254753,0.671110576289131,0.7442108789414178,0.6920152091254753,0.6892961039189319,0.6920152091254753,263,/nfs/home/tanz/dd2/outputs/checkpoint/qwen+label_only+13.jsonl,/nfs/home/tanz/dd2/outputs/checkpoint/qwen_labels_only/checkpoint-13,qwen
14,labels_only_test,0.7941567065073041,0.6452924069820412,0.6880861850443599,0.6692015209125475,0.661599938019238,0.7087537288879572,0.6692015209125475,0.6518217745786496,0.6692015209125475,263,/nfs/home/tanz/dd2/outputs/checkpoint/qwen+label_only+14.jsonl,/nfs/home/tanz/dd2/outputs/checkpoint/qwen_labels_only/checkpoint-14,qwen
15,labels_only_test,0.8058902275769746,0.6466686748690611,0.7007604562737643,0.6730038022813688,0.675285760603649,0.7250337494220989,0.6730038022813688,0.661174830009697,0.6730038022813688,263,/nfs/home/tanz/dd2/outputs/checkpoint/qwen+label_only+15.jsonl,/nfs/home/tanz/dd2/outputs/checkpoint/qwen_labels_only/checkpoint-15,qwen
16,labels_only_test,0.8064085447263017,0.6693323633850832,0.6975375701611444,0.6653992395437263,0.6694556951562242,0.7058675596092651,0.6653992395437263,0.6684414210925667,0.6653992395437263,263,/nfs/home/tanz/dd2/outputs/checkpoint/qwen+label_only+16.jsonl,/nfs/home/tanz/dd2/outputs/checkpoint/qwen_labels_only/checkpoint-16,qwen
17,labels_only_test,0.8079470198675497,0.6633483750577638,0.6996773821868878,0.6920152091254753,0.6939924999575818,0.715417331206805,0.6920152091254753,0.6923686731528113,0.6920152091254753,263,/nfs/home/tanz/dd2/outputs/checkpoint/qwen+label_only+17.jsonl,/nfs/home/tanz/dd2/outputs/checkpoint/qwen_labels_only2/checkpoint-17,qwen
18,labels_only_test,0.8095872170439414,0.6646037877500588,0.6927756653992395,0.7110266159695817,0.7084293927103875,0.7239776530767346,0.7110266159695817,0.7145463653861365,0.7110266159695817,263,/nfs/home/tanz/dd2/outputs/checkpoint/qwen+label_only+18.jsonl,/nfs/home/tanz/dd2/outputs/checkpoint/qwen_labels_only2/checkpoint-18,qwen
19,labels_only_test,0.8021108179419525,0.6662213951430588,0.6958808618504436,0.6730038022813688,0.657992072052991,0.6746344859596194,0.6730038022813688,0.6915044398156693,0.6730038022813688,263,/nfs/home/tanz/dd2/outputs/checkpoint/qwen+label_only+19.jsonl,/nfs/home/tanz/dd2/outputs/checkpoint/qwen_labels_only2/checkpoint-19,qwen
20,labels_only_test,0.8026490066225166,0.6646580013943706,0.6918884664131812,0.6692015209125475,0.6470866467906731,0.67475984319807,0.6692015209125475,0.6895539091178082,0.6692015209125475,263,/nfs/home/tanz/dd2/outputs/checkpoint/qwen+label_only+20.jsonl,/nfs/home/tanz/dd2/outputs/checkpoint/qwen_labels_only2/checkpoint-20,qwen
21,labels_only_test,0.8121693121693122,0.6581221143721144,0.701548071700163,0.6692015209125475,0.6415795676686956,0.6771625238082044,0.6692015209125475,0.6915776799289864,0.6692015209125475,263,/nfs/home/tanz/dd2/outputs/checkpoint/qwen+label_only+21.jsonl,/nfs/home/tanz/dd2/outputs/checkpoint/qwen_labels_only2/checkpoint-21,qwen
22,labels_only_test,0.8131578947368421,0.6578048031032421,0.7153630273402136,0.6844106463878327,0.6585174525807128,0.6905931905931905,0.6844106463878327,0.7042476336119387,0.6844106463878327,263,/nfs/home/tanz/dd2/outputs/checkpoint/qwen+label_only+22.jsonl,/nfs/home/tanz/dd2/outputs/checkpoint/qwen_labels_only2/checkpoint-22,qwen
23,labels_only_test,0.8115942028985508,0.6621704516631293,0.7183414810791237,0.6844106463878327,0.6656723357155657,0.6959173329409264,0.6844106463878327,0.6991243412051807,0.6844106463878327,263,/nfs/home/tanz/dd2/outputs/checkpoint/qwen+label_only+23.jsonl,/nfs/home/tanz/dd2/outputs/checkpoint/qwen_labels_only2/checkpoint-23,qwen
24,labels_only_test,0.80946123521682,0.6489999712735792,0.719228680065182,0.7072243346007605,0.6962312561156988,0.712841340523768,0.7072243346007605,0.7208186486906132,0.7072243346007605,263,/nfs/home/tanz/dd2/outputs/checkpoint/qwen+label_only+24.jsonl,/nfs/home/tanz/dd2/outputs/checkpoint/qwen_labels_only2/checkpoint-24,qwen
25,labels_only_test,0.8047493403693932,0.6460001789436293,0.7113072605468043,0.7110266159695817,0.7070220643916749,0.7188229280759401,0.7110266159695817,0.7280202025528574,0.7110266159695817,263,/nfs/home/tanz/dd2/outputs/checkpoint/qwen+label_only+25.jsonl,/nfs/home/tanz/dd2/outputs/checkpoint/qwen_labels_only2/checkpoint-25,qwen
26,labels_only_test,0.8110236220472441,0.6585359940062255,0.7139054861488322,0.7300380228136882,0.7298552087845577,0.7468153434433541,0.7300380228136882,0.7431785623258715,0.7300380228136882,263,/nfs/home/tanz/dd2/outputs/checkpoint/qwen+label_only+26.jsonl,/nfs/home/tanz/dd2/outputs/checkpoint/qwen_labels_only2/checkpoint-26,qwen
27,labels_only_test,0.8088426527958388,0.6727406369563286,0.7088357776570703,0.7110266159695817,0.7116600451688446,0.7304179515296921,0.7110266159695817,0.7172357423471406,0.7110266159695817,263,/nfs/home/tanz/dd2/outputs/checkpoint/qwen+label_only+27.jsonl,/nfs/home/tanz/dd2/outputs/checkpoint/qwen_labels_only2/checkpoint-27,qwen
28,labels_only_test,0.8,0.6641877691883802,0.7031323556038384,0.6958174904942965,0.6951328172418656,0.7058438268924592,0.6958174904942965,0.699852640892006,0.6958174904942965,263,/nfs/home/tanz/dd2/outputs/checkpoint/qwen+label_only+28.jsonl,/nfs/home/tanz/dd2/outputs/checkpoint/qwen_labels_only2/checkpoint-28,qwen
29,labels_only_test,0.8,0.6608417042866388,0.6977457903313417,0.7072243346007605,0.7062548355818529,0.720104204096299,0.7072243346007605,0.7163609624336811,0.7072243346007605,263,/nfs/home/tanz/dd2/outputs/checkpoint/qwen+label_only+29.jsonl,/nfs/home/tanz/dd2/outputs/checkpoint/qwen_labels_only2/checkpoint-29,qwen
30,labels_only_test,0.8077922077922078,0.6681415094894577,0.7063009234111897,0.714828897338403,0.7128873155729586,0.730551538200582,0.714828897338403,0.7216201884907556,0.714828897338403,263,/nfs/home/tanz/dd2/outputs/checkpoint/qwen+label_only+30.jsonl,/nfs/home/tanz/dd2/outputs/checkpoint/qwen_labels_only2/checkpoint-30,qwen
31,labels_only_test,0.8072916666666666,0.6671340349040651,0.7094694912185406,0.7034220532319392,0.7002512346389582,0.7139565227800522,0.7034220532319392,0.7149483071280208,0.7034220532319392,263,/nfs/home/tanz/dd2/outputs/checkpoint/qwen+label_only+31.jsonl,/nfs/home/tanz/dd2/outputs/checkpoint/qwen_labels_only2/checkpoint-31,qwen
32,labels_only_test,0.8115183246073299,0.6686428734596297,0.7116241173275394,0.7110266159695817,0.7075997508207353,0.7288562704631572,0.7110266159695817,0.7243828055650768,0.7110266159695817,263,/nfs/home/tanz/dd2/outputs/checkpoint/qwen+label_only+32.jsonl,/nfs/home/tanz/dd2/outputs/checkpoint/qwen_labels_only2/checkpoint-32,qwen
1,labels_withphrase_test,0.24888888888888888,0.19753756087409063,0.13903675538656526,0.41825095057034223,0.3628171170218054,0.609909448619126,0.41825095057034223,0.3915076623806552,0.41825095057034223,263,/nfs/home/tanz/dd2/outputs/checkpoint/qwen+label_phrase+1.jsonl,/nfs/home/tanz/dd2/outputs/checkpoint/qwen_labels_phrase/checkpoint-1,qwen
2,labels_withphrase_test,0.7227866473149492,0.6124626794419626,0.5935361216730038,0.6083650190114068,0.575982223932638,0.6471628592483419,0.6083650190114068,0.5941495797482298,0.6083650190114068,263,/nfs/home/tanz/dd2/outputs/checkpoint/qwen+label_phrase+2.jsonl,/nfs/home/tanz/dd2/outputs/checkpoint/qwen_labels_phrase/checkpoint-2,qwen
3,labels_withphrase_test,0.7379134860050891,0.6293279762382378,0.6443282636248415,0.6083650190114068,0.6093964653850585,0.6168458781362007,0.6083650190114068,0.654882625394398,0.6083650190114068,263,/nfs/home/tanz/dd2/outputs/checkpoint/qwen+label_phrase+3.jsonl,/nfs/home/tanz/dd2/outputs/checkpoint/qwen_labels_phrase/checkpoint-3,qwen
4,labels_withphrase_test,0.7621550591327201,0.6370511982645235,0.6693916349809886,0.6768060836501901,0.6787008497232225,0.6739485247959824,0.6768060836501901,0.6880492642298216,0.6768060836501901,263,/nfs/home/tanz/dd2/outputs/checkpoint/qwen+label_phrase+4.jsonl,/nfs/home/tanz/dd2/outputs/checkpoint/qwen_labels_phrase/checkpoint-4,qwen
5,labels_withphrase_test,0.776566757493188,0.6331013247281901,0.6718631178707225,0.6539923954372624,0.641906807252644,0.6751235483073882,0.6539923954372624,0.634438673123515,0.6539923954372624,263,/nfs/home/tanz/dd2/outputs/checkpoint/qwen+label_phrase+5.jsonl,/nfs/home/tanz/dd2/outputs/checkpoint/qwen_labels_phrase/checkpoint-5,qwen
6,labels_withphrase_test,0.7766990291262136,0.6330419771123555,0.6685678073510772,0.623574144486692,0.5990502776287414,0.6885730794629099,0.623574144486692,0.5845850068699227,0.623574144486692,263,/nfs/home/tanz/dd2/outputs/checkpoint/qwen+label_phrase+6.jsonl,/nfs/home/tanz/dd2/outputs/checkpoint/qwen_labels_phrase/checkpoint-6,qwen
7,labels_withphrase_test,0.7730870712401056,0.6202786497521195,0.6839670468948035,0.6577946768060836,0.6480426750683912,0.7143681163205781,0.6577946768060836,0.6280386590614133,0.6577946768060836,263,/nfs/home/tanz/dd2/outputs/checkpoint/qwen+label_phrase+7.jsonl,/nfs/home/tanz/dd2/outputs/checkpoint/qwen_labels_phrase/checkpoint-7,qwen
8,labels_withphrase_test,0.7684210526315789,0.6392261973291314,0.6894169835234474,0.6768060836501901,0.677053268127039,0.6817990354036351,0.6768060836501901,0.6817224902810369,0.6768060836501901,263,/nfs/home/tanz/dd2/outputs/checkpoint/qwen+label_phrase+8.jsonl,/nfs/home/tanz/dd2/outputs/checkpoint/qwen_labels_phrase/checkpoint-8,qwen
9,labels_withphrase_test,0.7780821917808219,0.6547626288537014,0.6770595690747782,0.6463878326996197,0.6453651759406469,0.6397724154425185,0.6463878326996197,0.6782069648418161,0.6463878326996197,263,/nfs/home/tanz/dd2/outputs/checkpoint/qwen+label_phrase+9.jsonl,/nfs/home/tanz/dd2/outputs/checkpoint/qwen_labels_phrase/checkpoint-9,qwen
10,labels_withphrase_test,0.7817679558011049,0.6602305242230506,0.6889733840304182,0.6349809885931559,0.6275689668136142,0.625655114826051,0.6349809885931559,0.6683078311258764,0.6349809885931559,263,/nfs/home/tanz/dd2/outputs/checkpoint/qwen+label_phrase+10.jsonl,/nfs/home/tanz/dd2/outputs/checkpoint/qwen_labels_phrase/checkpoint-10,qwen
11,labels_withphrase_test,0.7885402455661664,0.6620069650097924,0.6993029150823827,0.6539923954372624,0.6303915208916957,0.651166381417453,0.6539923954372624,0.6768839554348558,0.6539923954372624,263,/nfs/home/tanz/dd2/outputs/checkpoint/qwen+label_phrase+11.jsonl,/nfs/home/tanz/dd2/outputs/checkpoint/qwen_labels_phrase/checkpoint-11,qwen
12,labels_withphrase_test,0.7994722955145118,0.6813871642218499,0.702915082382763,0.6539923954372624,0.6211248234706758,0.6682294644558796,0.6539923954372624,0.6705571814860711,0.6539923954372624,263,/nfs/home/tanz/dd2/outputs/checkpoint/qwen+label_phrase+12.jsonl,/nfs/home/tanz/dd2/outputs/checkpoint/qwen_labels_phrase/checkpoint-12,qwen
13,labels_withphrase_test,0.8005215123859192,0.6708691221289099,0.6934093789607098,0.6615969581749049,0.6354270495147649,0.69275925004148,0.6615969581749049,0.6670557181486071,0.6615969581749049,263,/nfs/home/tanz/dd2/outputs/checkpoint/qwen+label_phrase+13.jsonl,/nfs/home/tanz/dd2/outputs/checkpoint/qwen_labels_phrase/checkpoint-13,qwen
14,labels_withphrase_test,0.7857142857142857,0.6505438786312886,0.6690928843020099,0.7224334600760456,0.7170376838506204,0.7528826728826729,0.7224334600760456,0.7210905159912463,0.7224334600760456,263,/nfs/home/tanz/dd2/outputs/checkpoint/qwen+label_phrase+14.jsonl,/nfs/home/tanz/dd2/outputs/checkpoint/qwen_labels_phrase/checkpoint-14,qwen
15,labels_withphrase_test,0.8049113233287858,0.6537867973260368,0.6890367553865653,0.6730038022813688,0.6738701409719794,0.7124732905982906,0.6730038022813688,0.6673738732008566,0.6730038022813688,263,/nfs/home/tanz/dd2/outputs/checkpoint/qwen+label_phrase+15.jsonl,/nfs/home/tanz/dd2/outputs/checkpoint/qwen_labels_phrase/checkpoint-15,qwen
16,labels_withphrase_test,0.8074866310160428,0.6738659831784763,0.7131812420785805,0.6653992395437263,0.6667992997388007,0.7011544883250691,0.6653992395437263,0.6553777285604215,0.6653992395437263,263,/nfs/home/tanz/dd2/outputs/checkpoint/qwen+label_phrase+16.jsonl,/nfs/home/tanz/dd2/outputs/checkpoint/qwen_labels_phrase/checkpoint-16,qwen
17,labels_withphrase_test,0.806970509383378,0.681888113437746,0.7079214195183777,0.6920152091254753,0.6887187080060869,0.7090078136517765,0.6920152091254753,0.687527794623004,0.6920152091254753,263,/nfs/home/tanz/dd2/outputs/checkpoint/qwen+label_phrase+17.jsonl,/nfs/home/tanz/dd2/outputs/checkpoint/qwen_labels_phrase/checkpoint-17,qwen
18,labels_withphrase_test,0.8042609853528628,0.6835346193306951,0.7039561832337498,0.7072243346007605,0.6957899735595117,0.7238625571958904,0.7072243346007605,0.7202807732984126,0.7072243346007605,263,/nfs/home/tanz/dd2/outputs/checkpoint/qwen+label_phrase+18.jsonl,/nfs/home/tanz/dd2/outputs/checkpoint/qwen_labels_phrase/checkpoint-18,qwen
19,labels_withphrase_test,0.8015768725361366,0.6785468999026455,0.7038928118776028,0.714828897338403,0.6967738713020615,0.7294720372003746,0.714828897338403,0.7312011671544458,0.714828897338403,263,/nfs/home/tanz/dd2/outputs/checkpoint/qwen+label_phrase+19.jsonl,/nfs/home/tanz/dd2/outputs/checkpoint/qwen_labels_phrase/checkpoint-19,qwen
20,labels_withphrase_test,0.8042609853528628,0.6882926180593278,0.7030689842476914,0.6958174904942965,0.6768472537178898,0.6970408308436477,0.6958174904942965,0.7119952657590751,0.6958174904942965,263,/nfs/home/tanz/dd2/outputs/checkpoint/qwen+label_phrase+20.jsonl,/nfs/home/tanz/dd2/outputs/checkpoint/qwen_labels_phrase/checkpoint-20,qwen
21,labels_withphrase_test,0.8089591567852438,0.6854243790038504,0.7110537751222162,0.6768060836501901,0.6571449956588127,0.6730792441145897,0.6768060836501901,0.6964267613514852,0.6768060836501901,263,/nfs/home/tanz/dd2/outputs/checkpoint/qwen+label_phrase+21.jsonl,/nfs/home/tanz/dd2/outputs/checkpoint/qwen_labels_phrase/checkpoint-21,qwen
22,labels_withphrase_test,0.8073394495412844,0.6792900116526597,0.7184048524352707,0.6844106463878327,0.6711458974149923,0.6750582750582751,0.6844106463878327,0.7012758427739839,0.6844106463878327,263,/nfs/home/tanz/dd2/outputs/checkpoint/qwen+label_phrase+22.jsonl,/nfs/home/tanz/dd2/outputs/checkpoint/qwen_labels_phrase/checkpoint-22,qwen
23,labels_withphrase_test,0.8125819134993447,0.6863828610900943,0.7226507332971212,0.6844106463878327,0.6735892821744797,0.6885726448944839,0.6844106463878327,0.7023515935583856,0.6844106463878327,263,/nfs/home/tanz/dd2/outputs/checkpoint/qwen+label_phrase+23.jsonl,/nfs/home/tanz/dd2/outputs/checkpoint/qwen_labels_phrase/checkpoint-23,qwen
24,labels_withphrase_test,0.8180610889774237,0.6960659607038426,0.7234745609270324,0.6920152091254753,0.6876122838848209,0.7046997238840312,0.6920152091254753,0.7082764257652858,0.6920152091254753,263,/nfs/home/tanz/dd2/outputs/checkpoint/qwen+label_phrase+24.jsonl,/nfs/home/tanz/dd2/outputs/checkpoint/qwen_labels_phrase/checkpoint-24,qwen
25,labels_withphrase_test,0.8090185676392573,0.6743186653345391,0.7157432554770958,0.6844106463878327,0.6832480891214003,0.6976697925547031,0.6844106463878327,0.6973560319092525,0.6844106463878327,263,/nfs/home/tanz/dd2/outputs/checkpoint/qwen+label_phrase+25.jsonl,/nfs/home/tanz/dd2/outputs/checkpoint/qwen_labels_phrase/checkpoint-25,qwen
26,labels_withphrase_test,0.8053691275167785,0.6632279985949621,0.7094061198623937,0.6996197718631179,0.6991245236564622,0.7139817629179331,0.6996197718631179,0.7105638609844056,0.6996197718631179,263,/nfs/home/tanz/dd2/outputs/checkpoint/qwen+label_phrase+26.jsonl,/nfs/home/tanz/dd2/outputs/checkpoint/qwen_labels_phrase/checkpoint-26,qwen
27,labels_withphrase_test,0.8005354752342704,0.650794126636918,0.6943237370994025,0.7186311787072244,0.7185066704054501,0.7376568539994053,0.7186311787072244,0.7339450347597577,0.7186311787072244,263,/nfs/home/tanz/dd2/outputs/checkpoint/qwen+label_phrase+27.jsonl,/nfs/home/tanz/dd2/outputs/checkpoint/qwen_labels_phrase/checkpoint-27,qwen
28,labels_withphrase_test,0.8128342245989305,0.6810577968078766,0.7052236103566901,0.7110266159695817,0.7093570172966326,0.7276969696969696,0.7110266159695817,0.7223590347538987,0.7110266159695817,263,/nfs/home/tanz/dd2/outputs/checkpoint/qwen+label_phrase+28.jsonl,/nfs/home/tanz/dd2/outputs/checkpoint/qwen_labels_phrase/checkpoint-28,qwen
29,labels_withphrase_test,0.8133333333333334,0.6847350851248749,0.7023718993300742,0.7224334600760456,0.7198166506842621,0.7342699809582625,0.7224334600760456,0.7310546869278115,0.7224334600760456,263,/nfs/home/tanz/dd2/outputs/checkpoint/qwen+label_phrase+29.jsonl,/nfs/home/tanz/dd2/outputs/checkpoint/qwen_labels_phrase/checkpoint-29,qwen
30,labels_withphrase_test,0.8111702127659575,0.6826237485781406,0.704780010863661,0.7110266159695817,0.7071727430607563,0.7221031791685842,0.7110266159695817,0.7243828055650768,0.7110266159695817,263,/nfs/home/tanz/dd2/outputs/checkpoint/qwen+label_phrase+30.jsonl,/nfs/home/tanz/dd2/outputs/checkpoint/qwen_labels_phrase/checkpoint-30,qwen
31,labels_withphrase_test,0.8127490039840638,0.6884613603799923,0.7021817852616333,0.714828897338403,0.71116923945269,0.7314203730272597,0.714828897338403,0.7272813562897144,0.714828897338403,263,/nfs/home/tanz/dd2/outputs/checkpoint/qwen+label_phrase+31.jsonl,/nfs/home/tanz/dd2/outputs/checkpoint/qwen_labels_phrase/checkpoint-31,qwen
32,labels_withphrase_test,0.8095238095238095,0.6800336147956357,0.7030056128915445,0.7072243346007605,0.7017510568083054,0.7220294325557483,0.7072243346007605,0.7198706286638368,0.7072243346007605,263,/nfs/home/tanz/dd2/outputs/checkpoint/qwen+label_phrase+32.jsonl,/nfs/home/tanz/dd2/outputs/checkpoint/qwen_labels_phrase/checkpoint-32,qwen
1,labels_only_test,0.5382585751978892,0.44579325604518494,0.3402770233568712,0.5285171102661597,0.4427241405519007,0.5809082892416225,0.5285171102661597,0.4872242875934178,0.5285171102661597,263,/nfs/home/tanz/dd2/outputs/checkpoint/yi+label_only+1.jsonl,/nfs/home/tanz/dd2/outputs/checkpoint/yi_labels_only/checkpoint-1,yi
2,labels_only_test,0.5362776025236593,0.3898679834494794,0.48840304182509503,0.3916349809885932,0.27814048385416695,0.2938548304401963,0.3916349809885932,0.41904184354154034,0.3916349809885932,263,/nfs/home/tanz/dd2/outputs/checkpoint/yi+label_only+2.jsonl,/nfs/home/tanz/dd2/outputs/checkpoint/yi_labels_only/checkpoint-2,yi
3,labels_only_test,0.4864864864864865,0.395777342037251,0.40262250423847384,0.4714828897338403,0.34206642786264624,0.6799509060717638,0.4714828897338403,0.39996953211286007,0.4714828897338403,263,/nfs/home/tanz/dd2/outputs/checkpoint/yi+label_only+3.jsonl,/nfs/home/tanz/dd2/outputs/checkpoint/yi_labels_only/checkpoint-3,yi
4,labels_only_test,0.35091743119266056,0.25814104936831117,0.33283088900959623,0.4752851711026616,0.4772787826735834,0.5089605734767025,0.4752851711026616,0.47758588868088697,0.4752851711026616,263,/nfs/home/tanz/dd2/outputs/checkpoint/yi+label_only+4.jsonl,/nfs/home/tanz/dd2/outputs/checkpoint/yi_labels_only/checkpoint-4,yi
5,labels_only_test,0.6813793103448276,0.5057752878232666,0.6244749230490675,0.5665399239543726,0.5707416682076244,0.5708646616541354,0.5665399239543726,0.5726128849866557,0.5665399239543726,263,/nfs/home/tanz/dd2/outputs/checkpoint/yi+label_only+5.jsonl,/nfs/home/tanz/dd2/outputs/checkpoint/yi_labels_only/checkpoint-5,yi
6,labels_only_test,0.7178807947019867,0.5866589167003174,0.6548162230671736,0.5551330798479087,0.47529850740144064,0.627140292736813,0.5551330798479087,0.519502084413625,0.5551330798479087,263,/nfs/home/tanz/dd2/outputs/checkpoint/yi+label_only+6.jsonl,/nfs/home/tanz/dd2/outputs/checkpoint/yi_labels_only/checkpoint-6,yi
7,labels_only_test,0.7238912732474965,0.5695536389661591,0.6122125656346189,0.6045627376425855,0.6089504230911891,0.6090110034521624,0.6045627376425855,0.6095387923584196,0.6045627376425855,263,/nfs/home/tanz/dd2/outputs/checkpoint/yi+label_only+7.jsonl,/nfs/home/tanz/dd2/outputs/checkpoint/yi_labels_only/checkpoint-7,yi
8,labels_only_test,0.7112375533428165,0.5452268335127736,0.605151185949665,0.6045627376425855,0.5838786797273389,0.585255368150105,0.6045627376425855,0.6230395818868412,0.6045627376425855,263,/nfs/home/tanz/dd2/outputs/checkpoint/yi+label_only+8.jsonl,/nfs/home/tanz/dd2/outputs/checkpoint/yi_labels_only/checkpoint-8,yi
9,labels_only_test,0.7587131367292225,0.6066305076950248,0.6868640231758102,0.6349809885931559,0.628208291599241,0.6602194102194102,0.6349809885931559,0.6111852301057881,0.6349809885931559,263,/nfs/home/tanz/dd2/outputs/checkpoint/yi+label_only+9.jsonl,/nfs/home/tanz/dd2/outputs/checkpoint/yi_labels_only/checkpoint-9,yi
10,labels_only_test,0.7469553450608931,0.6016917683057598,0.6736375158428392,0.6273764258555133,0.6262640247846714,0.6740102171136654,0.6273764258555133,0.5962172946273983,0.6273764258555133,263,/nfs/home/tanz/dd2/outputs/checkpoint/yi+label_only+10.jsonl,/nfs/home/tanz/dd2/outputs/checkpoint/yi_labels_only/checkpoint-10,yi
11,labels_only_test,0.7838214783821479,0.6178963929039294,0.6908745247148289,0.6349809885931559,0.5977250861010889,0.6360651502518877,0.6349809885931559,0.6544508016862803,0.6349809885931559,263,/nfs/home/tanz/dd2/outputs/checkpoint/yi+label_only+11.jsonl,/nfs/home/tanz/dd2/outputs/checkpoint/yi_labels_only/checkpoint-11,yi
12,labels_only_test,0.7354651162790697,0.5658538637532881,0.6091435813869273,0.6311787072243346,0.603088832139409,0.6248588368153586,0.6311787072243346,0.6646159434937878,0.6311787072243346,263,/nfs/home/tanz/dd2/outputs/checkpoint/yi+label_only+12.jsonl,/nfs/home/tanz/dd2/outputs/checkpoint/yi_labels_only/checkpoint-12,yi
13,labels_only_test,0.783068783068783,0.6352095834623661,0.6854155350353068,0.6615969581749049,0.6558932033611932,0.6663825757575758,0.6615969581749049,0.67566172442382,0.6615969581749049,263,/nfs/home/tanz/dd2/outputs/checkpoint/yi+label_only+13.jsonl,/nfs/home/tanz/dd2/outputs/checkpoint/yi_labels_only/checkpoint-13,yi
14,labels_only_test,0.7783505154639175,0.6560737643845612,0.6969491218540648,0.7110266159695817,0.7131093670071669,0.7327896704043493,0.7110266159695817,0.7131882007247842,0.7110266159695817,263,/nfs/home/tanz/dd2/outputs/checkpoint/yi+label_only+14.jsonl,/nfs/home/tanz/dd2/outputs/checkpoint/yi_labels_only/checkpoint-14,yi
15,labels_only_test,0.7761194029850746,0.6195514820822469,0.692748506246605,0.7262357414448669,0.724183637334679,0.7509705833683379,0.7262357414448669,0.7199415250935276,0.7262357414448669,263,/nfs/home/tanz/dd2/outputs/checkpoint/yi+label_only+15.jsonl,/nfs/home/tanz/dd2/outputs/checkpoint/yi_labels_only/checkpoint-15,yi
16,labels_only_test,0.7780821917808219,0.6312436345961456,0.6842839036755387,0.6996197718631179,0.6869754259963385,0.7410138248847926,0.6996197718631179,0.7019578547091928,0.6996197718631179,263,/nfs/home/tanz/dd2/outputs/checkpoint/yi+label_only+16.jsonl,/nfs/home/tanz/dd2/outputs/checkpoint/yi_labels_only/checkpoint-16,yi
17,labels_only_test,0.7910863509749304,0.6472735921707555,0.6687850805721528,0.6768060836501901,0.659541456990896,0.7116239316239316,0.6768060836501901,0.6891519673759238,0.6768060836501901,263,/nfs/home/tanz/dd2/outputs/checkpoint/yi+label_only+17.jsonl,/nfs/home/tanz/dd2/outputs/checkpoint/yi_labels_only/checkpoint-17,yi
18,labels_only_test,0.7873799725651578,0.6623552177699937,0.6555314140865472,0.7034220532319392,0.6979656322329082,0.7103404183230412,0.7034220532319392,0.724784747306961,0.7034220532319392,263,/nfs/home/tanz/dd2/outputs/checkpoint/yi+label_only+18.jsonl,/nfs/home/tanz/dd2/outputs/checkpoint/yi_labels_only/checkpoint-18,yi
19,labels_only_test,0.796812749003984,0.6707663065137601,0.6709940249864205,0.6958174904942965,0.6940577377839736,0.6904071773636992,0.6958174904942965,0.7227527736030913,0.6958174904942965,263,/nfs/home/tanz/dd2/outputs/checkpoint/yi+label_only+19.jsonl,/nfs/home/tanz/dd2/outputs/checkpoint/yi_labels_only/checkpoint-19,yi
20,labels_only_test,0.8010540184453228,0.6777934063555281,0.6929838855694369,0.6920152091254753,0.6886198274542747,0.6895126046914276,0.6920152091254753,0.7265911414618141,0.6920152091254753,263,/nfs/home/tanz/dd2/outputs/checkpoint/yi+label_only+20.jsonl,/nfs/home/tanz/dd2/outputs/checkpoint/yi_labels_only/checkpoint-20,yi
21,labels_only_test,0.7983978638184246,0.6465623222540615,0.7125384754662322,0.7110266159695817,0.7044776167947607,0.7124015235220669,0.7110266159695817,0.7378566427317975,0.7110266159695817,263,/nfs/home/tanz/dd2/outputs/checkpoint/yi+label_only+21.jsonl,/nfs/home/tanz/dd2/outputs/checkpoint/yi_labels_only/checkpoint-21,yi
22,labels_only_test,0.8063660477453581,0.6540297417017954,0.7222705051602389,0.714828897338403,0.7035662581378854,0.7322495791245792,0.714828897338403,0.7266157501398887,0.714828897338403,263,/nfs/home/tanz/dd2/outputs/checkpoint/yi+label_only+22.jsonl,/nfs/home/tanz/dd2/outputs/checkpoint/yi_labels_only/checkpoint-22,yi
23,labels_only_test,0.808,0.6456213360119297,0.7272134709397066,0.6996197718631179,0.6850776240398907,0.7172049098278607,0.6996197718631179,0.709232648684754,0.6996197718631179,263,/nfs/home/tanz/dd2/outputs/checkpoint/yi+label_only+23.jsonl,/nfs/home/tanz/dd2/outputs/checkpoint/yi_labels_only/checkpoint-23,yi
24,labels_only_test,0.815114709851552,0.6645170513391404,0.7185678073510773,0.7186311787072244,0.7182402114840059,0.7368529290792644,0.7186311787072244,0.7261323653919957,0.7186311787072244,263,/nfs/home/tanz/dd2/outputs/checkpoint/yi+label_only+24.jsonl,/nfs/home/tanz/dd2/outputs/checkpoint/yi_labels_only/checkpoint-24,yi
25,labels_only_test,0.803840877914952,0.6404414083880493,0.694169835234474,0.7376425855513308,0.7402963200583709,0.7723489723489724,0.7376425855513308,0.7392669543538318,0.7376425855513308,263,/nfs/home/tanz/dd2/outputs/checkpoint/yi+label_only+25.jsonl,/nfs/home/tanz/dd2/outputs/checkpoint/yi_labels_only/checkpoint-25,yi
26,labels_only_test,0.7874659400544959,0.6239188159441272,0.6818757921419518,0.7338403041825095,0.7362305120199492,0.7682379349046015,0.7338403041825095,0.7462048438081345,0.7338403041825095,263,/nfs/home/tanz/dd2/outputs/checkpoint/yi+label_only+26.jsonl,/nfs/home/tanz/dd2/outputs/checkpoint/yi_labels_only/checkpoint-26,yi
27,labels_only_test,0.796221322537112,0.6386310105748245,0.687896070975919,0.7338403041825095,0.7330064747103616,0.7447043534762833,0.7338403041825095,0.7538897824182714,0.7338403041825095,263,/nfs/home/tanz/dd2/outputs/checkpoint/yi+label_only+27.jsonl,/nfs/home/tanz/dd2/outputs/checkpoint/yi_labels_only/checkpoint-27,yi
28,labels_only_test,0.7935222672064778,0.6447724470807707,0.6783269961977186,0.6920152091254753,0.6873153841565053,0.7021469045859289,0.6920152091254753,0.7119138227530666,0.6920152091254753,263,/nfs/home/tanz/dd2/outputs/checkpoint/yi+label_only+28.jsonl,/nfs/home/tanz/dd2/outputs/checkpoint/yi_labels_only/checkpoint-28,yi
29,labels_only_test,0.7935656836461126,0.6480380154568656,0.6848542458808619,0.6920152091254753,0.6779103764154041,0.6999917769708931,0.6920152091254753,0.7070729442232593,0.6920152091254753,263,/nfs/home/tanz/dd2/outputs/checkpoint/yi+label_only+29.jsonl,/nfs/home/tanz/dd2/outputs/checkpoint/yi_labels_only/checkpoint-29,yi
30,labels_only_test,0.7915006640106241,0.6475332267127298,0.6848995111352526,0.6996197718631179,0.6831427334124301,0.7061635225013941,0.6996197718631179,0.7159695672681146,0.6996197718631179,263,/nfs/home/tanz/dd2/outputs/checkpoint/yi+label_only+30.jsonl,/nfs/home/tanz/dd2/outputs/checkpoint/yi_labels_only/checkpoint-30,yi
31,labels_only_test,0.7904509283819628,0.6465975319706613,0.6825366648560566,0.6806083650190115,0.6604400812256928,0.6883233573025884,0.6806083650190115,0.6993253120761228,0.6806083650190115,263,/nfs/home/tanz/dd2/outputs/checkpoint/yi+label_only+31.jsonl,/nfs/home/tanz/dd2/outputs/checkpoint/yi_labels_only/checkpoint-31,yi
32,labels_only_test,0.7936507936507936,0.6490542639551031,0.6860220894441427,0.688212927756654,0.6716663339952612,0.6935670489237795,0.688212927756654,0.7067360397020006,0.688212927756654,263,/nfs/home/tanz/dd2/outputs/checkpoint/yi+label_only+32.jsonl,/nfs/home/tanz/dd2/outputs/checkpoint/yi_labels_only/checkpoint-32,yi
1,labels_withphrase_test,0.345489443378119,0.27240710649551886,0.1605830164765526,0.5437262357414449,0.5239284054256512,0.5805931135272452,0.5437262357414449,0.49003084873572916,0.5437262357414449,263,/nfs/home/tanz/dd2/outputs/checkpoint/yi+label_phrase+1.jsonl,/nfs/home/tanz/dd2/outputs/checkpoint/yi_labels_phrase/checkpoint-1,yi
2,labels_withphrase_test,0.5106382978723404,0.35844388060650056,0.44734745609270327,0.43346007604562736,0.3289677362268899,0.6257314031284239,0.43346007604562736,0.5048212501794382,0.43346007604562736,263,/nfs/home/tanz/dd2/outputs/checkpoint/yi+label_phrase+2.jsonl,/nfs/home/tanz/dd2/outputs/checkpoint/yi_labels_phrase/checkpoint-2,yi
3,labels_withphrase_test,0.591861898890259,0.4715876759111132,0.520722433460076,0.5133079847908745,0.3912366467499547,0.3389154704944179,0.5133079847908745,0.4895140664961637,0.5133079847908745,263,/nfs/home/tanz/dd2/outputs/checkpoint/yi+label_phrase+3.jsonl,/nfs/home/tanz/dd2/outputs/checkpoint/yi_labels_phrase/checkpoint-3,yi
4,labels_withphrase_test,0.5,0.3669027529320339,0.3254119138149556,0.376425855513308,0.2148613798185703,0.7905491698595147,0.376425855513308,0.3427678317703893,0.376425855513308,263,/nfs/home/tanz/dd2/outputs/checkpoint/yi+label_phrase+4.jsonl,/nfs/home/tanz/dd2/outputs/checkpoint/yi_labels_phrase/checkpoint-4,yi
5,labels_withphrase_test,0.6850961538461539,0.5421656335548369,0.6164946586999819,0.596958174904943,0.5456313617212762,0.6931376144150363,0.596958174904943,0.5640396902822088,0.596958174904943,263,/nfs/home/tanz/dd2/outputs/checkpoint/yi+label_phrase+5.jsonl,/nfs/home/tanz/dd2/outputs/checkpoint/yi_labels_phrase/checkpoint-5,yi
6,labels_withphrase_test,0.7123655913978495,0.5729083963884333,0.6451204055766794,0.6007604562737643,0.5922393822353255,0.5821854912764004,0.6007604562737643,0.6129939679442672,0.6007604562737643,263,/nfs/home/tanz/dd2/outputs/checkpoint/yi+label_phrase+6.jsonl,/nfs/home/tanz/dd2/outputs/checkpoint/yi_labels_phrase/checkpoint-6,yi
7,labels_withphrase_test,0.7547169811320755,0.6189074710682483,0.688900959623393,0.6615969581749049,0.6617841217071305,0.6518435378575921,0.6615969581749049,0.6690525365980847,0.6615969581749049,263,/nfs/home/tanz/dd2/outputs/checkpoint/yi+label_phrase+7.jsonl,/nfs/home/tanz/dd2/outputs/checkpoint/yi_labels_phrase/checkpoint-7,yi
8,labels_withphrase_test,0.7538860103626943,0.6046676652381001,0.6927666123483613,0.6615969581749049,0.6542801815552545,0.6616009396711151,0.6615969581749049,0.6605742610804968,0.6615969581749049,263,/nfs/home/tanz/dd2/outputs/checkpoint/yi+label_phrase+8.jsonl,/nfs/home/tanz/dd2/outputs/checkpoint/yi_labels_phrase/checkpoint-8,yi
9,labels_withphrase_test,0.7530364372469636,0.5779563144004154,0.6642404490313235,0.6730038022813688,0.6666193439007126,0.6812553774697042,0.6730038022813688,0.6667082670510308,0.6730038022813688,263,/nfs/home/tanz/dd2/outputs/checkpoint/yi+label_phrase+9.jsonl,/nfs/home/tanz/dd2/outputs/checkpoint/yi_labels_phrase/checkpoint-9,yi
10,labels_withphrase_test,0.7136563876651982,0.5574625385906455,0.6064638783269962,0.6349809885931559,0.6357436346306263,0.6552188552188553,0.6349809885931559,0.6342130935744983,0.6349809885931559,263,/nfs/home/tanz/dd2/outputs/checkpoint/yi+label_phrase+10.jsonl,/nfs/home/tanz/dd2/outputs/checkpoint/yi_labels_phrase/checkpoint-10,yi
11,labels_withphrase_test,0.7773279352226721,0.6147293526470162,0.7169835234474018,0.6387832699619772,0.6004679001910164,0.6490409694635048,0.6387832699619772,0.6500745584353568,0.6387832699619772,263,/nfs/home/tanz/dd2/outputs/checkpoint/yi+label_phrase+11.jsonl,/nfs/home/tanz/dd2/outputs/checkpoint/yi_labels_phrase/checkpoint-11,yi
12,labels_withphrase_test,0.7627551020408163,0.597437967652669,0.6935361216730037,0.6539923954372624,0.6472388943007679,0.6505094591357293,0.6539923954372624,0.6651514752023624,0.6539923954372624,263,/nfs/home/tanz/dd2/outputs/checkpoint/yi+label_phrase+12.jsonl,/nfs/home/tanz/dd2/outputs/checkpoint/yi_labels_phrase/checkpoint-12,yi
13,labels_withphrase_test,0.7721518987341772,0.626535744064575,0.7078580481622307,0.6920152091254753,0.6903599021737401,0.716737348035058,0.6920152091254753,0.6849661484196249,0.6920152091254753,263,/nfs/home/tanz/dd2/outputs/checkpoint/yi+label_phrase+13.jsonl,/nfs/home/tanz/dd2/outputs/checkpoint/yi_labels_phrase/checkpoint-13,yi
14,labels_withphrase_test,0.7904509283819628,0.6291362684089458,0.7128010139416984,0.6996197718631179,0.698400112493058,0.7200692304766253,0.6996197718631179,0.7022133162244429,0.6996197718631179,263,/nfs/home/tanz/dd2/outputs/checkpoint/yi+label_phrase+14.jsonl,/nfs/home/tanz/dd2/outputs/checkpoint/yi_labels_phrase/checkpoint-14,yi
15,labels_withphrase_test,0.7751724137931034,0.597470555831515,0.6759188846641317,0.6958174904942965,0.6952907453666783,0.7249962897228373,0.6958174904942965,0.6889404499286641,0.6958174904942965,263,/nfs/home/tanz/dd2/outputs/checkpoint/yi+label_phrase+15.jsonl,/nfs/home/tanz/dd2/outputs/checkpoint/yi_labels_phrase/checkpoint-15,yi
16,labels_withphrase_test,0.7785419532324622,0.6011884715010704,0.650253485424588,0.7034220532319392,0.6987347662928581,0.7509241139378124,0.7034220532319392,0.7049841361914555,0.7034220532319392,263,/nfs/home/tanz/dd2/outputs/checkpoint/yi+label_phrase+16.jsonl,/nfs/home/tanz/dd2/outputs/checkpoint/yi_labels_phrase/checkpoint-16,yi
17,labels_withphrase_test,0.7908232118758435,0.6383152459387081,0.6792685134890458,0.7338403041825095,0.7322312260832751,0.7623522042126694,0.7338403041825095,0.7366508175061449,0.7338403041825095,263,/nfs/home/tanz/dd2/outputs/checkpoint/yi+label_phrase+17.jsonl,/nfs/home/tanz/dd2/outputs/checkpoint/yi_labels_phrase/checkpoint-17,yi
18,labels_withphrase_test,0.8031914893617021,0.6632880315442135,0.7019554589896795,0.7186311787072244,0.7152102233761419,0.729779411764706,0.7186311787072244,0.7270803854187724,0.7186311787072244,263,/nfs/home/tanz/dd2/outputs/checkpoint/yi+label_phrase+18.jsonl,/nfs/home/tanz/dd2/outputs/checkpoint/yi_labels_phrase/checkpoint-18,yi
19,labels_withphrase_test,0.8139223560910308,0.6753764341408838,0.7178707224334602,0.6958174904942965,0.6874306647168077,0.6866752090461157,0.6958174904942965,0.7199356658844622,0.6958174904942965,263,/nfs/home/tanz/dd2/outputs/checkpoint/yi+label_phrase+19.jsonl,/nfs/home/tanz/dd2/outputs/checkpoint/yi_labels_phrase/checkpoint-19,yi
20,labels_withphrase_test,0.8121546961325967,0.6445308224234473,0.7154173456454825,0.6958174904942965,0.6916386845094069,0.6844130057086125,0.6958174904942965,0.7153502488699051,0.6958174904942965,263,/nfs/home/tanz/dd2/outputs/checkpoint/yi+label_phrase+20.jsonl,/nfs/home/tanz/dd2/outputs/checkpoint/yi_labels_phrase/checkpoint-20,yi
21,labels_withphrase_test,0.8319559228650137,0.6652314451968236,0.7379594423320658,0.688212927756654,0.6818178729340438,0.6886503245449757,0.688212927756654,0.7043021242562467,0.688212927756654,263,/nfs/home/tanz/dd2/outputs/checkpoint/yi+label_phrase+21.jsonl,/nfs/home/tanz/dd2/outputs/checkpoint/yi_labels_phrase/checkpoint-21,yi
22,labels_withphrase_test,0.8233695652173914,0.6635246469788356,0.7371989860583016,0.7034220532319392,0.6946923112162015,0.7269814072555558,0.7034220532319392,0.7075457823948345,0.7034220532319392,263,/nfs/home/tanz/dd2/outputs/checkpoint/yi+label_phrase+22.jsonl,/nfs/home/tanz/dd2/outputs/checkpoint/yi_labels_phrase/checkpoint-22,yi
23,labels_withphrase_test,0.8255659121171771,0.6842504034456424,0.7372623574144486,0.7072243346007605,0.6990603386432103,0.7406487232574189,0.7072243346007605,0.7104443331194722,0.7072243346007605,263,/nfs/home/tanz/dd2/outputs/checkpoint/yi+label_phrase+23.jsonl,/nfs/home/tanz/dd2/outputs/checkpoint/yi_labels_phrase/checkpoint-23,yi
24,labels_withphrase_test,0.8111702127659575,0.6877157140330833,0.709062103929024,0.752851711026616,0.7541652632388646,0.7734707178946341,0.752851711026616,0.7472237602646019,0.752851711026616,263,/nfs/home/tanz/dd2/outputs/checkpoint/yi+label_phrase+24.jsonl,/nfs/home/tanz/dd2/outputs/checkpoint/yi_labels_phrase/checkpoint-24,yi
25,labels_withphrase_test,0.8138297872340425,0.6719047950401335,0.7173003802281368,0.7224334600760456,0.7239661608746427,0.741991341991342,0.7224334600760456,0.7322581684698383,0.7224334600760456,263,/nfs/home/tanz/dd2/outputs/checkpoint/yi+label_phrase+25.jsonl,/nfs/home/tanz/dd2/outputs/checkpoint/yi_labels_phrase/checkpoint-25,yi
26,labels_withphrase_test,0.821954484605087,0.6796021754195146,0.7239543726235741,0.714828897338403,0.7087412016845493,0.7115565408796504,0.714828897338403,0.733480399480874,0.714828897338403,263,/nfs/home/tanz/dd2/outputs/checkpoint/yi+label_phrase+26.jsonl,/nfs/home/tanz/dd2/outputs/checkpoint/yi_labels_phrase/checkpoint-26,yi
27,labels_withphrase_test,0.8105960264900662,0.6714234223922324,0.7166032953105196,0.7110266159695817,0.6946481776858665,0.7106739608313349,0.7110266159695817,0.7288404918220089,0.7110266159695817,263,/nfs/home/tanz/dd2/outputs/checkpoint/yi+label_phrase+27.jsonl,/nfs/home/tanz/dd2/outputs/checkpoint/yi_labels_phrase/checkpoint-27,yi
28,labels_withphrase_test,0.8175765645805593,0.6775571649380898,0.7216730038022814,0.7110266159695817,0.6917822481853936,0.7138538544788545,0.7110266159695817,0.7277647410376074,0.7110266159695817,263,/nfs/home/tanz/dd2/outputs/checkpoint/yi+label_phrase+28.jsonl,/nfs/home/tanz/dd2/outputs/checkpoint/yi_labels_phrase/checkpoint-28,yi
29,labels_withphrase_test,0.8186666666666667,0.6830684982459262,0.7220532319391635,0.7034220532319392,0.6878721858615455,0.7035775507023754,0.7034220532319392,0.7230433903727335,0.7034220532319392,263,/nfs/home/tanz/dd2/outputs/checkpoint/yi+label_phrase+29.jsonl,/nfs/home/tanz/dd2/outputs/checkpoint/yi_labels_phrase/checkpoint-29,yi
30,labels_withphrase_test,0.821954484605087,0.6907526821213793,0.7242712294043093,0.7262357414448669,0.716575661303626,0.7243055311265113,0.7262357414448669,0.7441998224659653,0.7262357414448669,263,/nfs/home/tanz/dd2/outputs/checkpoint/yi+label_phrase+30.jsonl,/nfs/home/tanz/dd2/outputs/checkpoint/yi_labels_phrase/checkpoint-30,yi
31,labels_withphrase_test,0.8198924731182796,0.6899064046310146,0.7239543726235742,0.7376425855513308,0.7307938403911581,0.7366495861253449,0.7376425855513308,0.7514095792209009,0.7376425855513308,263,/nfs/home/tanz/dd2/outputs/checkpoint/yi+label_phrase+31.jsonl,/nfs/home/tanz/dd2/outputs/checkpoint/yi_labels_phrase/checkpoint-31,yi
32,labels_withphrase_test,0.8263795423956931,0.6968079654787005,0.7274397972116603,0.7300380228136882,0.7254133378903745,0.7267333766515053,0.7300380228136882,0.739413434580466,0.7300380228136882,263,/nfs/home/tanz/dd2/outputs/checkpoint/yi+label_phrase+32.jsonl,/nfs/home/tanz/dd2/outputs/checkpoint/yi_labels_phrase/checkpoint-32,yi
